{
  "functions": {
    "anti_spam": false,
    "link_blocker": false,
    "flood_control": false,
    "badwords_filter": false,
    "media_lock": false,
    "pin_welcome": false,
    "auto_moderation": false,
    "audit_log": false,
    "mass_ban": false,
    "slowmode": false,
    "welcome_message": false,
    "level_system": false,
    "user_notes": false,
    "reactions": false,
    "polls": false,
    "premium_access": false,
    "donations": false,
    "payout_notifier": false,
    "invoice_reminders": false
  }
}